An Ancient Curse|ï¼ |||||||||||||
Pilaf Field|Nyandaria|Annin Pass|Ajillo Highlands|Pasta Desert|Mince Hill|ï¼ |||||||||||||
Kosamin Ruins|Shallow Sea Green|Playing Bandits|Buggy Hollows|Thriller Grin|John Gool|ï¼ |||||||||||||
Marine Town|Wandering Conch|Palcaccio Waters|Utsubobo Seamount|Frontier Dawn|Rutsborg Vortex|ï¼ |||||||||||||
Crowded Surf|Mutinous Waves|Buoys & Gills|On the Rocks|Seahorse Siren|Young Cuttlefish|ï¼ |||||||||||||
Deadly Weapons|Inspirational Mural|Sunlit Caves|Glittering Peaks|Murmuring Evil|Languid Lakeside|ï¼ |
Midnight Lycopene|Metroasis|Paper Skyscraper|Rogue's Twilight|Concrete Ocean|Unmanned Station|ï¼ |
Panic Tower|Lady in the Clink|No Hope Ranch|Hunter's Hills|Morbid Mesa|Revolver Ridge|ï¼ |
Escolar Coast|Project Walrus|Loach Breach|Seagull Reserve|Roe Row|Heron's Call|ï¼ |
Cricket Ideology|Gutter Lord|Veggie Friends|Snitches Get Stitches|Shocking Exile|The Red Cat Gambit|ï¼ |
Magma Bath|Pyroclastic Flow|Ashen Rain|Sage of the Peak|Raging Caldera|Supervolcano|ï¼ |
A Joyful Song|Cave Maidens|Good Spirits|Woods of Resentment|Hermit Chatterbox|Primitive Souls|ï¼ |
Iwa Rock Reef|Nautilus Tomb|Lost Sailors|Caged Carp|Quay of Camels|Endless Dead Zone|ï¼ |
Holiday Atonement|A Private Rainforest|Rude on the Beach|13th Ward Resident|Spa of Ascension|Wonders of Nature|ï¼ |
Pulling Hair|Mermaid Sauce|Lord's Lecture|Cracked Column|Guardian of Innocence|Total Myopia|ï¼ |
Eager Entryway|Fainting Porch|Hangover Couch|Tidy Kitchen|Bathtub of Whimsy|Lamb's Boudoir|ï¼ |
Steamworks Ltd.|Sticky Shower|Standing Sauna|Chilly Pool|Umibozu's House|Hot Spring Reception|ï¼ |
Famine Village|The Night of Claws|Rocky Surface|Exaggeration Falls|Abandoned Desire|Slave to Instinct|ï¼ |
Beachhead Invasion|Forever Fishing|Triton's Cave|Nighttime Lure|The Bloody Wharf|Multitetrapod|ï¼ |
A Classroom in Ruins|Lonely Goldfish|Demon COO|Principal's Rebellion|Bell Collector|Campus Law|ï¼ |
Furry Cavern|Mandatory Fun|Gas-Powered Birds|Stars in the Sewers|Postapocalypse Panic|Lifesaving Shovel|ï¼ |
Proletarian Box|Collapse Checker|Unmoving Conveyer|VIP Warehouse|Rebel Scraps|Smokestack to Heaven|ï¼ |
Loser's Complaint|Brave Dog's Bone|Poison Bog Cure|Patience Prevails|A Boat Too Far|Cursing the Curser|ï¼ 
Authority and Gravity|Slave to Energy|Raise Your Torches|Despotism at Home|Unauthorized Breathing|Bare Fangs at the Throne|ï¼ 
Treadmill Powered|Vengeful Sandbag|Protein Cartel|Anaerobic Cycling|Sauna Handstands|Lakeside Bootcamp|ï¼ 
Curry Comet|Icarus' Instinct|Rainbow Bridge Toll|Planetarium Love|Meteor Disco|Cats in the Stars|ï¼ 
The Prince's Woods|Aria of the Princess|Wicked Beauty|Glass Slippers|Guild of Masks|Happily Ever After|ï¼ 
Flask Hill|Anatomy Forest|Formalin Marina|Swamp of Ignorance|Microscope Bridge|Burning Blue|ï¼ 
Slumbering Cavern|Cozy Corpses|Second Unlife|Defaced Tombstone|Botanical Burial|Sodden Bones|ï¼ 
A Dutiful Prayer|Dilemma of Birth|The Ivory Oracle|Persona's Blooming|Passionate Release|Buried Hypocrisy|ï¼ 
Pilgrim Agitators|The Belated Priest|Choir Battle|Adventurer's Journal|Chapel Transfer|Dark Lord's Decree|ï¼ 
Spiralling Ring|Payday the 13th|Normal Activity|Darkened House|Internal Scream|A Pile of Guts|ï¼ 
Diversity, Alkilinity|Ironsand Beach|Oil Spill Rainbow|Love Refinery|Overnight Overtime|Cathode Influencer|ï¼ 
Angkor S.W.A.T.|Tropical Garden|Kuala Lum-Pool|Poison on Rice|Khao Man Guys|Fish-Legged Beauty|ï¼ 
Banana Genomes|Artificial Strawberries|Organic Chromosomes|Nano-Grapes|Cloned Farmers|Gene Salesmen|ï¼ 
The Ivy-Sealed Door|Reincarnation Ring|Re-Leaf Towers|Canopy Altar|Sappy Underpass|The Face of God|ï¼ 
Confront the Tyrant|Disaster Cycle|Three Evil Brothers|Pulled Punch Bout|Border Between Worlds|Hall of the Four Kings|ï¼ 
The Great Sufferer|Patient Red Fox|Learned to Hate|Multiplanar Studios|Infernal Forces|Hell's All-Stars|ï¼ 
Aku Altar's Seal|ï¼ 
Toy Boat Graveyard|Breathtaking Waves|Dried Fish Market|Breakwater Blood Feud|Fishermen On Strike|Seahorses Caught|ï¼ 
Magma Pillar|Burning Crimson|Boiling Blood|Hell's Crater|Fire Kingdom Dynamite|Burning Sunset|ï¼ 
Speechless Tongues|Lamps Aloft|Ashes Just Ahead|Cloak of Hiding|Hall of Feasting|Roast Meat, Not Cities|ï¼ 
Fountain of Memories|Chaotic Pulse|Beyond the Haze|Border Soil|Silver Current|Immortal Zenith|ï¼ 
Stars in the Tumbler|Night of the Hustler|Don't Rush Love|Tear-Soaked Puppy|Shinobi Showdown|Ancient Sea Blues|ï¼ 
Pithouse Academy|Local Harvest Forecast|Clay Pot Soul Food|Chiefs' Smoking Area|Rest Stop Sacrifice|Outta This Village|ï¼ 
Stylist Mononoke|Stand By Motel|Aven-Jazz Cafe|Retreat of the Living Dead|Titanic Steakhouse|Inn-Dependence Day|ï¼ 
Fullstop Valley|Master of Demon Keep|Warning of the Setting Sun|Infinity Ridge|Eternal Ancient Woods|Neverending Footsteps|ï¼ 
Soul in the Idol|Wager of Honor|Crown of Vanity|Bestowing Eternity|Atonement for Sin|Reign of the Ape Lord|Ape Lord's Revenge|Birth of True Man|ï¼ 
Revival of Origin|ï¼ 